snapshot_date,skill,jobs_mentioning,share_all_%,share_english_postings_%,share_german_postings_%,n_jobs,n_english,n_german
2026-10-03,Python,74,48.7,50.0,47.8,152,84,67
2026-10-03,SQL,71,46.7,46.4,47.8,152,84,67
2026-10-03,Stakeholder management,66,43.4,52.4,32.8,152,84,67
2026-10-03,Machine learning,58,38.2,48.8,23.9,152,84,67
2026-10-03,German required,49,32.2,3.6,68.7,152,84,67
2026-10-03,ETL / data pipelines,44,28.9,28.6,29.9,152,84,67
2026-10-03,Data visualisation,42,27.6,27.4,28.4,152,84,67
2026-10-03,Data quality / governance,40,26.3,34.5,16.4,152,84,67
2026-10-03,AI / LLMs,40,26.3,13.1,41.8,152,84,67
2026-10-03,English required,40,26.3,9.5,47.8,152,84,67
2026-10-03,Data modelling,39,25.7,19.0,34.3,152,84,67
2026-10-03,AWS,35,23.0,28.6,14.9,152,84,67
2026-10-03,Statistics,35,23.0,32.1,11.9,152,84,67
2026-10-03,Git,33,21.7,23.8,17.9,152,84,67
2026-10-03,dbt,32,21.1,20.2,22.4,152,84,67
2026-10-03,Spark,31,20.4,17.9,22.4,152,84,67
2026-10-03,Communication / storytelling,31,20.4,19.0,22.4,152,84,67
2026-10-03,Azure,27,17.8,8.3,29.9,152,84,67
2026-10-03,Airflow,24,15.8,15.5,14.9,152,84,67
2026-10-03,Forecasting,23,15.1,17.9,11.9,152,84,67
2026-10-03,A/B testing,23,15.1,27.4,0.0,152,84,67
2026-10-03,Agile / Scrum,21,13.8,8.3,19.4,152,84,67
2026-10-03,Excel,20,13.2,15.5,10.4,152,84,67
2026-10-03,Power BI,18,11.8,8.3,16.4,152,84,67
2026-10-03,Snowflake,16,10.5,11.9,9.0,152,84,67
2026-10-03,Docker / Kubernetes,15,9.9,10.7,7.5,152,84,67
2026-10-03,Google Cloud,11,7.2,6.0,7.5,152,84,67
2026-10-03,Tableau,10,6.6,8.3,4.5,152,84,67
2026-10-03,BigQuery,8,5.3,7.1,3.0,152,84,67
2026-10-03,SAP,7,4.6,2.4,7.5,152,84,67
2026-10-03,Scala,6,3.9,1.2,7.5,152,84,67
2026-10-03,Deep learning,6,3.9,7.1,0.0,152,84,67
2026-10-03,Java,6,3.9,4.8,3.0,152,84,67
2026-10-03,Looker,6,3.9,4.8,3.0,152,84,67
2026-10-03,TensorFlow / PyTorch,5,3.3,6.0,0.0,152,84,67
2026-10-03,Google Analytics,4,2.6,2.4,3.0,152,84,67
2026-10-03,R,3,2.0,3.6,0.0,152,84,67
2026-10-03,scikit-learn,1,0.7,1.2,0.0,152,84,67
2026-10-03,Qlik,0,0.0,0.0,0.0,152,84,67
